<?xml version="1.0" encoding="UTF-8"?>
<project-private xmlns="http://www.netbeans.org/ns/project-private/1">
    <editor-bookmarks xmlns="http://www.netbeans.org/ns/editor-bookmarks/2" lastBookmarkId="0"/>
    <open-files xmlns="http://www.netbeans.org/ns/projectui-open-files/2">
        <group>
            <file>file:/D:/GoogleDrive/Work/PersonalProject/LearnByProject/OOP/Program/BMSVersion2/src/net/learnbyproject/businesslogic/BookListWithCollection.java</file>
            <file>file:/D:/GoogleDrive/Work/PersonalProject/LearnByProject/OOP/Program/BMSVersion2/src/net/learnbyproject/businesslogic/BookInterface.java</file>
            <file>file:/D:/GoogleDrive/Work/PersonalProject/LearnByProject/OOP/Program/BMSVersion2/src/net/learnbyproject/businesslogic/BookListWithArray.java</file>
            <file>file:/D:/GoogleDrive/Work/PersonalProject/LearnByProject/OOP/Program/BMSVersion2/src/net/learnbyproject/model/Book.java</file>
            <file>file:/D:/GoogleDrive/Work/PersonalProject/LearnByProject/OOP/Program/BMSVersion2/src/net/learnbyproject/MainProgram.java</file>
        </group>
    </open-files>
</project-private>
